-- PINACOTECAS
INSERT INTO PINACOTECAS VALUES('LOUVR','MUSEO DEL LOUVRE','RUE DE RIVOLI, S/N','PAR펩','FRANCIA',NULL);
INSERT INTO PINACOTECAS VALUES('MUPRA','MUSEO DEL PRADO','PASEO DEL PRADO, S/N','MADRID','ESPA헤',NULL);
INSERT INTO PINACOTECAS VALUES('ASHMU','ASHMOLEAN MUSEUM','BEAUMONT ST','OXFORD','INGLATERRA',NULL);
INSERT INTO PINACOTECAS VALUES('MURES','MUSEO REINA SOF페','CALLE SANTA ISABEL, 52','MADRID','ESPA헤',NULL);
INSERT INTO PINACOTECAS VALUES('MUBAS','MUSEO DE BELLAS ARTES DE SEVILLA','PLAZA DEL MUSEO, S/N','SEVILLA','ESPA헤',NULL);
INSERT INTO PINACOTECAS VALUES('UFFIZ','GALER페 UFFIZI','PIAZZALE DEGLI UFFIZI','FLORENCIA','ITALIA',NULL);

-- CUADROS
INSERT INTO CUADROS VALUES ('AAC01','ANUNCIACI흁','98,4 cm','217 cm','1473-1475','휿EO SOBRE TABLA','UFFIZ');
INSERT INTO CUADROS VALUES ('AAC02','LA ADORACI흁 DE LOS MAGOS','246 cm','243 cm','1481-1482','휿EO SOBRE TABLA','UFFIZ');
INSERT INTO CUADROS VALUES ('AAC03','LA GIOCONDA','77 cm','53 cm','1503-1519','휿EO SOBRE TABLA','LOUVR');
INSERT INTO CUADROS VALUES ('AAC04','EL BAUTISMO DE CRISTO','177 cm','171 cm','1475-1478','휿EO SOBRE TABLA','UFFIZ');
INSERT INTO CUADROS VALUES ('AAC05','LAS TRES GRACIAS','221 cm','181 cm','CIRCA 1635','휿EO SOBRE LIENZO','MUPRA');
INSERT INTO CUADROS VALUES ('AAC06','VULCANO FORJANDO LOS RAYOS DE J＠ITER','181 cm','98 cm','CIRCA 1676','휿EO SOBRE LIENZO','MUPRA');
INSERT INTO CUADROS VALUES ('AAC07','LAS MENINAS','3,2 m','2,76 m','1656','휿EO SOBRE LIENZO','MUPRA');
INSERT INTO CUADROS VALUES ('AAC08','RETRATO DE CRIST휵AL SUREZ DE RIBERA','207 cm','148 cm','1620','휿EO SOBRE LIENZO','MUBAS');
INSERT INTO CUADROS VALUES ('AAC09','SAN HUGO EN EL REFECTORIO DE LOS CARTUJOS','262 cm','307 cm','1630-1635','휿EO SOBRE LIENZO','MUBAS');
INSERT INTO CUADROS VALUES ('AAC10','VISI흁 DE SAN PEDRO NOLASCO','179 cm','223 cm','1629','휿EO SOBRE LIENZO','MUPRA');
INSERT INTO CUADROS VALUES ('AAC11','EL NACIMIENTO DE VENUS','278,5 cm','109,6','1483-1485','TEMPLE SOBRE MADERA','UFFIZ');
INSERT INTO CUADROS VALUES ('AAC12','RETRATO DE BALTHAZAR CASTIGLIONE','82 cm','67 cm','1514-1515','휿EO SOBRE LIENZO','LOUVR');
INSERT INTO CUADROS VALUES ('AAC13','EL GUERNICA','349,3 cm','777,6 cm','1937','휿EO SOBRE LIENZO','MURES');
INSERT INTO CUADROS VALUES ('AAC14','JOVEN CON LORO','72 cm','28,3 cm','1758-1760','휿EO SOBRE LIENZO','ASHMU');
INSERT INTO CUADROS VALUES ('AAC15','EL JARD펥 DE LAS DELICIAS','220 cm','195 cm','1480-1490','휿EO SOBRE TABLA','MUPRA');	
INSERT INTO CUADROS VALUES ('AAC16','BETSABE EN EL BA헲','142 cm','142 cm','1654','휿EO SOBRE LIENZO','LOUVR');
INSERT INTO CUADROS VALUES ('AAC17','EL CABALLERO DE LA MANO EN EL PECHO','81,8 cm','65,8 cm','CIRCA 1580','휿EO SOBRE LIENZO','MUPRA');
INSERT INTO CUADROS VALUES ('AAC18','FUSILAMIENTOS DEL 3 DE MAYO','268 cm','347 cm','1814','휿EO SOBRE LIENZO','MUPRA');
INSERT INTO CUADROS VALUES ('AAC19','SAGRADA FAMILIA','120 cm','120 cm','1506-1508','휿EO Y TEMPLE SOBRE MADERA','UFFIZ');

-- PINTORES
INSERT INTO PINTORES VALUES ('ANDVE','ANDREA VERROCCHIO',NULL,NULL,NULL,NULL);
INSERT INTO PINTORES VALUES ('LEODV','LEONARDO DA VINCI',NULL,NULL,NULL,NULL);
INSERT INTO PINTORES VALUES ('RAFSA','RAFFAELLO SANZIO',NULL,NULL,NULL,NULL);
INSERT INTO PINTORES VALUES ('MICHE','MICHELANGELO BUONARROTI',NULL,NULL,NULL,NULL);
INSERT INTO PINTORES VALUES ('PERUG','PIETRO PERUGINO',NULL,NULL,NULL,NULL);
INSERT INTO PINTORES VALUES ('BOTIC','SANDRO BOTTICELLI',NULL,NULL,NULL,NULL);
INSERT INTO PINTORES VALUES ('ZURBA','FRANCISCO DE ZURBAR쳁',NULL,NULL,NULL,NULL);
INSERT INTO PINTORES VALUES ('DIEGO','DIEGO VEL쳌QUEZ',NULL,NULL,NULL,NULL);
INSERT INTO PINTORES VALUES ('GIOVA','GIOVANNI BATTISTA TIEPOLO',NULL,NULL,NULL,NULL);
INSERT INTO PINTORES VALUES ('GHIRL','DOMENICO GHIRLANDAIO',NULL,NULL,NULL,NULL);
INSERT INTO PINTORES VALUES ('PICAS','PABLO PICASSO',NULL,NULL,NULL,NULL);
INSERT INTO PINTORES VALUES ('FGOYA','FRANCISCO DE GOYA',NULL,NULL,NULL,NULL);
INSERT INTO PINTORES VALUES ('GRECO','EL GRECO',NULL,NULL,NULL,NULL);
INSERT INTO PINTORES VALUES ('BOSCO','EL BOSCO',NULL,NULL,NULL,NULL);
INSERT INTO PINTORES VALUES ('REMBR','REMBRANDT',NULL,NULL,NULL,NULL);
INSERT INTO PINTORES VALUES ('LAZAR','GREGORIO LAZZARINI',NULL,NULL,NULL,NULL);
INSERT INTO PINTORES VALUES ('RUBEN','PETER PABLO RUBENS',NULL,NULL,NULL,NULL);

-- MECENAS
INSERT INTO MECENAS VALUES('FEH60','FELIPE EL HERMOSO','BRUJAS','HOLANDA');
INSERT INTO MECENAS VALUES('GD060','GERRIT DOU','LEIDEN','ALEMANIA');
INSERT INTO MECENAS VALUES('MC370','CARLOS III','MADRID','ESPA헤');
INSERT INTO MECENAS VALUES('MIC70','ISABEL LA CATOLICA','MADRIGAL DE LAS ALTAS TORRES','ESPA헤');
INSERT INTO MECENAS VALUES('MFS70','FELIPE II','VALLADOLID','ESPA헤');
INSERT INTO MECENAS VALUES('JDF70','JUAN DE FONSECA','TORO - ZAMORA','ESPA헤');
INSERT INTO MECENAS VALUES('DDA70','DUQUE DE ALCALA','ALCALA DE HENARES','ESPA헤');
INSERT INTO MECENAS VALUES('DDO70','DUQUES DE OSUNA','MADRID','ESPA헤');
INSERT INTO MECENAS VALUES('JL001','JULIO II','ALBISSOLA','ITALIA');
INSERT INTO MECENAS VALUES('LX002','LEON X','FLORENCIA','ITALIA');
INSERT INTO MECENAS VALUES('LM003','LORENZO DE MEDICIS','FLORENCIA','ITALIA');
INSERT INTO MECENAS VALUES('M0100','FEDERICO II DE MONTEFELTRO','ROMA','ITALIA');
INSERT INTO MECENAS VALUES('M0300','GERTRUDE STEIN','PENSILVANIA','ESTADOS UNIDOS DE AMERICA');
INSERT INTO MECENAS VALUES('M0400','FRANCISCO I DE FRANCIA','COGNAC','FRANCIA');
INSERT INTO MECENAS VALUES('M0500','CONDE DE BEROLDINGEN','BEROLDINGEN','SUIZA');
INSERT INTO MECENAS VALUES('M0600','FELIPE IV','VALLADOLID','ESPA헤');
INSERT INTO MECENAS VALUES('M0700','REINA MARIA DE MEDICI','FLORENCIA','ITALIA');

-- ESCUELAS
INSERT INTO ESCUELAS VALUES ('EHOLA','ESCUELA HOLANDESA','HOLANDA','20/11/1650');
INSERT INTO ESCUELAS VALUES ('EBRUJ','ESCUELA DE BRUJAS','BELGICA','06/07/1460');
INSERT INTO ESCUELAS VALUES ('EFLOR','ESCUELA FLORENTINA','ITALIA','09/06/1250');
INSERT INTO ESCUELAS VALUES ('EROMA','ESCUELA DE ROMA','ITALIA','08/12/1445');
INSERT INTO ESCUELAS VALUES ('EVENE','ESCUELA VENECIANA','ITALIA','18/09/1530');
INSERT INTO ESCUELAS VALUES ('ECUBI','ESCUELA CUBISTA ESPA헲LA','ESPA헤','10/12/1910');
INSERT INTO ESCUELAS VALUES ('EMANI','ESCUELA MANIERISTA ITALIANA','ITALIA','09/11/1600');
INSERT INTO ESCUELAS VALUES ('EBASE','ESCUELA BARROCA SEVILLANA','ESPA헤','07/03/1600');
INSERT INTO ESCUELAS VALUES ('EFLAM','ESCUELA FLAMENCA HOLANDESA','HOLANDA','19/11/1525');
INSERT INTO ESCUELAS VALUES ('EROCO','ESCUELA ROCOCO ITALIANA','ITALIA','01/02/1700');
INSERT INTO ESCUELAS VALUES ('ETENE','ESCUELA TENEBRISTA ESPA헲LA','ESPA헤','15/09/1660');
INSERT INTO ESCUELAS VALUES ('EROES','ESCUELA ROCOCO ESPA헲LA','ESPA헤','07/07/1700');

-- CUADROS-PINTORES
INSERT INTO CUADROS_PINTORES VALUES('AAC01','LEODV');
INSERT INTO CUADROS_PINTORES VALUES('AAC02','LEODV');
INSERT INTO CUADROS_PINTORES VALUES('AAC03','LEODV');
INSERT INTO CUADROS_PINTORES VALUES('AAC04','ANDVE');
INSERT INTO CUADROS_PINTORES VALUES('AAC05','RUBEN');
INSERT INTO CUADROS_PINTORES VALUES('AAC06','RUBEN');
INSERT INTO CUADROS_PINTORES VALUES('AAC07','DIEGO');
INSERT INTO CUADROS_PINTORES VALUES('AAC08','DIEGO');
INSERT INTO CUADROS_PINTORES VALUES('AAC09','ZURBA');
INSERT INTO CUADROS_PINTORES VALUES('AAC10','ZURBA');
INSERT INTO CUADROS_PINTORES VALUES('AAC11','BOTIC');
INSERT INTO CUADROS_PINTORES VALUES('AAC12','RAFSA');
INSERT INTO CUADROS_PINTORES VALUES('AAC13','PICAS');
INSERT INTO CUADROS_PINTORES VALUES('AAC14','GIOVA');
INSERT INTO CUADROS_PINTORES VALUES('AAC15','BOSCO');
INSERT INTO CUADROS_PINTORES VALUES('AAC16','REMBR');
INSERT INTO CUADROS_PINTORES VALUES('AAC17','GRECO');
INSERT INTO CUADROS_PINTORES VALUES('AAC18','FGOYA');
INSERT INTO CUADROS_PINTORES VALUES('AAC19','MICHE');

-- PINTORES-ESCUELAS
INSERT INTO PINTORES_ESCUELAS VALUES ('ANDVE','EFLOR');
INSERT INTO PINTORES_ESCUELAS VALUES ('LEODV','EROMA');
INSERT INTO PINTORES_ESCUELAS VALUES ('RAFSA','EROMA');
INSERT INTO PINTORES_ESCUELAS VALUES ('MICHE','EROMA');
INSERT INTO PINTORES_ESCUELAS VALUES ('PERUG','EFLOR');
INSERT INTO PINTORES_ESCUELAS VALUES ('BOTIC','EFLOR');
INSERT INTO PINTORES_ESCUELAS VALUES ('ZURBA','EBASE');
INSERT INTO PINTORES_ESCUELAS VALUES ('DIEGO','EBASE');
INSERT INTO PINTORES_ESCUELAS VALUES ('GIOVA','EVENE');
INSERT INTO PINTORES_ESCUELAS VALUES ('GHIRL','EFLOR');
INSERT INTO PINTORES_ESCUELAS VALUES ('PICAS','ECUBI');
INSERT INTO PINTORES_ESCUELAS VALUES ('FGOYA','EROES');
INSERT INTO PINTORES_ESCUELAS VALUES ('GRECO','EVENE');
INSERT INTO PINTORES_ESCUELAS VALUES ('BOSCO','EFLAM');
INSERT INTO PINTORES_ESCUELAS VALUES ('REMBR','EHOLA');
INSERT INTO PINTORES_ESCUELAS VALUES ('LAZAR','EVENE');
INSERT INTO PINTORES_ESCUELAS VALUES ('RUBEN','EFLAM');

-- MECENAZGO
INSERT INTO MECENAZGO VALUES('REMBR','GD060','02/05/1503','02/06/1520');
INSERT INTO MECENAZGO VALUES('BOSCO','FEH60','03/06/1496','03/07/1507');
INSERT INTO MECENAZGO VALUES('GIOVA','MC370','01/08/1630','01/09/1650');
INSERT INTO MECENAZGO VALUES('GRECO','MFS70','06/09/1580','06/10/1600');
INSERT INTO MECENAZGO VALUES('DIEGO','JDF70','02/02/1630','04/06/1650');
INSERT INTO MECENAZGO VALUES('FGOYA','DDO70','30/01/1785','30/03/1810');
INSERT INTO MECENAZGO VALUES('MICHE','JL001','08/04/1496','12/06/1506');
INSERT INTO MECENAZGO VALUES('RAFSA','JL001','09/02/1508','30/06/1513');
INSERT INTO MECENAZGO VALUES('RAFSA','LX002','21/06/1512','23/08/1520');
INSERT INTO MECENAZGO VALUES('BOTIC','LM003','25/01/1443','02/11/1492');
INSERT INTO MECENAZGO VALUES('MICHE','LM003','18/05/1489','20/05/1492');
INSERT INTO MECENAZGO VALUES('PICAS','M0300','23/12/1910','21/03/1915');
INSERT INTO MECENAZGO VALUES('LEODV','M0400','06/11/1503','10/10/1508');
INSERT INTO MECENAZGO VALUES('ZURBA','M0500','11/02/1625','01/05/1629');
INSERT INTO MECENAZGO VALUES('DIEGO','M0600','05/05/1638','02/06/1645');
INSERT INTO MECENAZGO VALUES('RUBEN','M0700','10/05/1620','01/09/1625');

-- MAESTROS
INSERT INTO MAESTROS VALUES ('ANDVE','DONAT');
INSERT INTO MAESTROS VALUES ('LEODV','ANDVE');
INSERT INTO MAESTROS VALUES ('RAFSA','PERUG');
INSERT INTO MAESTROS VALUES ('MICHE','GHIRL');
INSERT INTO MAESTROS VALUES ('PERUG','ANDVE');
INSERT INTO MAESTROS VALUES ('GIOVA','LAZAR');